{
  "model": "bilstm_transformer_pca",
  "pipeline": "pca",
  "labels": {
    "best": {
      "mean_corr": 0.2987566489447821,
      "records": {
        "sub_26": 0.49792320121480005,
        "sub_22": -0.08316127969727723,
        "sub_19": 0.21684351136232724,
        "CP-27": 0.8379112631723166,
        "CP-50": 0.12598884050088974,
        "UP-28": 0.1970343571156364
      }
    }
  }
}