{
  "model": "bilstm_transformer",
  "pipeline": "kaisti",
  "labels": {
    "best": {
      "mean_corr": 0.3630129527891484,
      "records": {
        "sub_26": 0.5345336992907448,
        "sub_22": 0.09387445109796823,
        "sub_19": 0.48217758305991726,
        "CP-27": 0.5010051115172921,
        "CP-50": 0.28735868257229,
        "UP-28": 0.27912818919667826
      }
    }
  }
}