{
  "model": "bilstm_transformer_v2",
  "pipeline": "kaisti",
  "labels": {
    "best": {
      "mean_corr": 0.3720098034692365,
      "records": {
        "sub_26": 0.6513416297355945,
        "sub_22": 0.28912514539861234,
        "sub_19": 0.604199543629083,
        "CP-27": 0.10613917711726466,
        "CP-50": 0.1835673120876357,
        "UP-28": 0.39768601284722865
      }
    }
  }
}