{
  "model": "tcn",
  "pipeline": "wavelet",
  "labels": {
    "best": {
      "mean_corr": 0.32183874283209984,
      "records": {
        "sub_26": 0.6631093240999293,
        "sub_22": 0.019678780483439826,
        "sub_19": 0.5024385568626466,
        "CP-27": 0.3154394907823623,
        "CP-50": 0.09638923832164378,
        "UP-28": 0.3339770664425769
      }
    }
  }
}