{
  "model": "unet1d",
  "pipeline": "subband",
  "labels": {
    "best": {
      "mean_corr": 0.22130266705929347,
      "records": {
        "sub_26": 0.3593495892175163,
        "sub_22": 0.05016492629641603,
        "sub_19": 0.5216240983755878,
        "CP-27": 0.11344037138444459,
        "CP-50": 0.17481647737329034,
        "UP-28": 0.10842053970850579
      }
    }
  }
}